id;nom;prenom;email;login;password;first_name;last_name;image_url;activated;lang_key
1;entreprendre;triangulaire;":cBC\@|_Jo.ux,";emmener;céder de crainte que;Bérangère;Berger;différer;true;plouf
2;à la faveur de;peu antagoniste;"H'4PS0@J;a.9e";jeune enfant intrépide;commeXXX;Jourdain;Francois;tout à fait ding de crainte que;false;badaboum v
3;souple;derrière;"t]ry@U!].bm";dans la mesure où de façon à;avant que au-dessous de drelin;Brieuc;Schneider;par suite de dès que afin que;false;trop plic 
4;snif;jusque miam autrement;"v-E;(@x<.)tp5H";du côté de au dépens de;sombre alors conseil d’administration;Romain;Dumas;pauvre;true;dring
5;éclaircir excéder quelque;délectable guide adversaire;"j@u.ZJ";hypocrite de façon à ce que;fonctionnaire tsoin-tsoin;Blaise;Dupuis;charitable;true;quoique al
6;du moment que redouter étant donné que;à l'encontre de équipe de recherche sans que;"4`8@L.WSa(NY";plic;cadreXXX;Germaine;Rousseau;adepte;false;bien que
7;hé afin de drôlement;provoquer parlementaire;"*-@w=I<],.vo1Q";équipe sauver blême;tsoin-tsoin de peur que;Suzanne;Aubry;coac coac;true;gai ouf ju
8;secours équipe de recherche apparaître;étant donné que combien devant;".|@p~5._P\PP";gestionnaire;de façon à ce que effrayer;Herbert;Hubert;vroum jeune;true;ha regagne
9;si bien que pin-pon antagoniste;à condition que déjà;"*r3u@+zF.Rxd";à même biathlète;parmi diplomate;Adonis;Renault;allonger aux alentours de infime;true;vlan
10;désormais bien que;prestataire de services vroum;")@/&AT!.D";membre à vie;intrépide;Dieudonnée;Le roux;quelquefois après que;true;même si sa
